safe_151_SAFE,0,0.4.11,2,203704
safe_152_SAFE,1,0.4.18,112,3301128
safe_153_SAFE,124,0.4.23,150,717552
safe_155_SAFE,0,0.4.18,2,203068
safe_156_SAFE,1,0.4.15,28,382720
safe_154_SAFE,124,0.4.18,150,679192
safe_158_SAFE,0,0.4.0,2,202612
safe_157_SAFE,1,0.4.21,105,623484
safe_160_SAFE,0,0.4.21,108,900212
safe_159_SAFE,124,0.4.18,151,1243460
safe_162_SAFE,0,0.4.18,2,203524
safe_161_SAFE,124,0.4.18,150,768772
safe_163_SAFE,124,0.4.16,150,489068
safe_164_SAFE,124,0.4.11,150,878084
safe_165_SAFE,124,0.4.24,150,824960
safe_166_SAFE,1,0.4.24,126,1309376
safe_167_SAFE,1,0.4.18,134,901360
safe_168_SAFE,1,0.4.18,112,910452
safe_169_SAFE,1,0.4.15,103,649104
safe_170_SAFE,1,0.4.24,118,1464372
safe_172_SAFE,0,0.4.15,3,203204
safe_173_SAFE,0,0.4.4,2,202992
safe_171_SAFE,1,0.4.11,108,650924
safe_175_SAFE,1,0.4.18,112,5003132
safe_174_SAFE,124,0.4.19,150,2299484
safe_176_SAFE,124,0.4.21,150,724452
safe_178_SAFE,0,0.4.12,2,202864
safe_179_SAFE,0,0.4.18,2,203280
safe_177_SAFE,124,0.4.23,150,1645408
safe_181_SAFE,0,0.4.18,2,203032
safe_180_SAFE,1,0.4.24,140,661976
safe_183_SAFE,1,0.4.19,13,342136
safe_182_SAFE,124,0.4.19,150,959012
safe_185_SAFE,0,0.4.8,3,202716
safe_184_SAFE,0,0.4.24,39,526960
safe_187_SAFE,0,0.4.4,2,202708
safe_188_SAFE,0,0.4.9,3,202924
safe_189_SAFE,0,0.4.18,2,203236
safe_190_SAFE,0,0.4.6,2,203020
safe_186_SAFE,124,0.4.18,150,972844
safe_191_SAFE,124,0.4.18,150,870072
safe_192_SAFE,0,0.4.24,121,396832
safe_194_SAFE,0,0.4.18,3,203224
safe_193_SAFE,1,0.4.24,146,721680
safe_196_SAFE,0,0.4.23,15,276572
safe_197_SAFE,0,0.4.18,2,203276
safe_195_SAFE,124,0.4.23,150,912292
safe_198_SAFE,124,0.4.24,150,783164
safe_199_SAFE,124,0.4.16,150,1219164
safe_200_SAFE,1,0.4.24,103,901616
safe_202_SAFE,0,0.4.18,2,202892
safe_201_SAFE,0,0.4.16,114,797432
safe_203_SAFE,124,0.4.18,150,804576
safe_205_SAFE,0,0.4.18,3,202692
safe_204_SAFE,1,0.4.13,138,681216
safe_206_SAFE,124,0.4.24,150,977600
safe_207_SAFE,124,0.4.17,150,1365236
safe_209_SAFE,0,0.4.18,2,203284
safe_210_SAFE,0,0.4.4,2,202620
safe_208_SAFE,1,0.4.19,102,676012
safe_212_SAFE,1,0.4.18,63,507076
safe_213_SAFE,1,0.4.24,34,477744
safe_211_SAFE,1,0.4.16,113,567716
safe_214_SAFE,0,0.4.18,86,717640
safe_215_SAFE,124,0.4.11,150,578244
safe_217_SAFE,0,0.4.4,2,202472
safe_216_SAFE,0,0.4.21,108,895284
safe_219_SAFE,1,0.4.16,112,1233300
safe_218_SAFE,124,0.4.15,151,1103712
safe_220_SAFE,1,0.4.24,110,718276
safe_221_SAFE,1,0.4.13,108,688848
safe_222_SAFE,0,0.4.16,2,203368
safe_223_SAFE,124,0.4.18,150,666400
safe_224_SAFE,124,0.4.13,150,997308
safe_225_SAFE,0,0.4.10,3,202856
safe_226_SAFE,0,0.4.0,2,202972
safe_227_SAFE,0,0.4.0,2,202816
safe_228_SAFE,0,0.4.0,2,202948
safe_230_SAFE,0,0.4.17,3,206684
safe_231_SAFE,0,0.4.21,2,203084
safe_229_SAFE,0,0.4.21,108,903476
safe_232_SAFE,124,0.4.24,150,1030068
safe_234_SAFE,0,0.4.6,2,203036
safe_235_SAFE,0,0.4.0,2,202988
safe_236_SAFE,0,0.4.18,2,203444
safe_233_SAFE,1,0.4.19,127,1438880
safe_238_SAFE,0,0.4.16,2,202652
safe_237_SAFE,1,0.4.11,106,584864
safe_239_SAFE,1,0.4.18,51,411004
safe_240_SAFE,1,0.4.24,108,697516
safe_242_SAFE,0,0.4.4,3,202756
safe_241_SAFE,1,0.4.24,103,689320
safe_244_SAFE,0,0.4.8,3,202460
safe_245_SAFE,1,0.4.16,114,710348
safe_243_SAFE,124,0.4.19,150,1019652
safe_247_SAFE,1,0.4.11,13,331244
safe_246_SAFE,0,0.4.13,108,886028
safe_249_SAFE,0,0.4.18,3,203080
safe_248_SAFE,124,0.4.24,150,898752
safe_250_SAFE,1,0.4.24,108,626708
safe_251_SAFE,124,0.4.18,150,990088
safe_252_SAFE,124,0.4.21,150,853312
safe_253_SAFE,1,0.4.16,129,729720
safe_254_SAFE,124,0.4.11,150,736236
safe_256_SAFE,0,0.4.18,2,203212
safe_255_SAFE,1,0.4.24,109,676000
safe_258_SAFE,0,0.4.13,2,203016
safe_257_SAFE,1,0.4.22,70,500820
safe_259_SAFE,124,0.4.24,150,1002516
safe_261_SAFE,0,0.4.18,2,203220
safe_260_SAFE,0,0.4.19,141,658248
safe_262_SAFE,1,0.4.11,110,694288
safe_263_SAFE,124,0.4.18,150,1273612
safe_264_SAFE,1,0.4.24,103,690008
safe_266_SAFE,0,0.4.16,2,203032
safe_267_SAFE,1,0.4.11,28,454040
safe_268_SAFE,1,0.4.11,15,764700
safe_265_SAFE,1,0.4.19,104,2435800
safe_270_SAFE,1,0.4.24,74,806248
safe_269_SAFE,124,0.4.24,150,840648
safe_271_SAFE,1,0.4.16,120,803476
safe_273_SAFE,0,0.4.10,2,202716
safe_274_SAFE,0,0.4.7,2,202808
safe_272_SAFE,124,0.4.24,150,829204
safe_275_SAFE,0,0.4.16,115,858632
safe_277_SAFE,0,0.4.18,2,203076
safe_278_SAFE,0,0.4.21,3,203008
safe_276_SAFE,1,0.4.19,109,694316
safe_279_SAFE,1,0.4.18,103,664292
safe_281_SAFE,1,0.4.18,105,1211656
safe_280_SAFE,1,0.4.24,147,1300392
safe_283_SAFE,0,0.4.4,2,202908
safe_282_SAFE,124,0.4.15,150,879416
safe_284_SAFE,1,0.4.16,142,684420
safe_286_SAFE,1,0.4.19,128,1166140
safe_287_SAFE,0,0.4.16,2,202996
safe_285_SAFE,124,0.4.24,150,952960
safe_289_SAFE,0,0.4.18,2,203612
safe_290_SAFE,0,0.4.23,114,1415304
safe_288_SAFE,1,0.4.23,127,2677140
safe_292_SAFE,0,0.4.2,2,203148
safe_293_SAFE,1,0.4.11,44,511844
safe_294_SAFE,0,0.4.2,2,202740
safe_295_SAFE,0,0.4.18,2,203428
safe_296_SAFE,0,0.4.21,2,203492
safe_291_SAFE,124,0.4.18,150,814804
safe_297_SAFE,1,0.4.11,142,1011108
safe_298_SAFE,124,0.4.18,151,1541732
safe_300_SAFE,0,0.4.24,13,241872
safe_299_SAFE,1,0.4.18,120,1168096
vuln_002_SC01,1,0.4.25,13,321248
vuln_001_SC01,1,0.4.24,29,389128
vuln_004_SC01,0,0.4.9,3,202708
vuln_005_SC01,0,0.4.9,2,202032
vuln_006_SC01,0,0.4.15,4,225920
vuln_003_SC01,1,0.4.22,19,359492
vuln_008_SC01,0,0.4.0,2,202712
vuln_007_SC01,1,0.4.24,6,316716
vuln_009_SC01,1,0.4.24,7,284736
vuln_010_SC01,1,0.4.23,80,603772
vuln_012_SC01,1,0.4.24,7,315872
vuln_011_SC01,1,0.4.22,118,995692
vuln_013_SC01,1,0.4.24,54,423276
vuln_014_SC01,1,0.4.24,20,502804
vuln_016_SC01,1,0.4.24,12,358184
vuln_017_SC01,1,0.4.24,7,320156
vuln_015_SC01,1,0.4.15,53,472556
vuln_019_SC05,0,0.4.9,2,202248
vuln_020_SC05,0,0.4.0,2,202548
vuln_021_SC05,0,0.4.25,2,214432
vuln_018_SC01,1,0.4.24,40,418528
vuln_022_SC05,0,0.4.0,2,202932
vuln_024_SC05,1,0.4.21,36,500188
vuln_023_SC05,0,0.4.16,114,1103716
vuln_026_SC05,1,0.4.24,45,617532
vuln_027_SC05,0,0.4.25,3,220852
vuln_025_SC05,124,0.4.13,150,879140
vuln_029_SC05,0,0.4.0,2,202896
vuln_030_SC05,1,0.4.15,11,322324
vuln_031_SC05,0,0.4.0,3,202920
vuln_032_SC05,1,0.4.16,12,328220
vuln_033_SC05,0,0.4.22,11,679376
vuln_028_SC05,1,0.4.25,102,803624
vuln_035_SC05,0,0.4.2,3,202372
vuln_036_SC06,0,0.4.25,8,256364
vuln_037_SC06,0,0.4.25,3,223812
vuln_034_SC05,0,0.4.24,57,647772
vuln_039_SC06,0,0.4.0,2,202680
vuln_038_SC06,1,0.4.24,8,287132
vuln_040_SC06,0,0.4.25,4,226492
vuln_041_SC06,1,0.4.15,18,319204
vuln_043_SC08,1,0.4.19,117,598456
vuln_042_SC08,124,0.4.19,150,1206948
vuln_044_SC08,1,0.4.19,18,344432
vuln_045_SC08,124,0.4.19,150,1176000
vuln_046_SC08,124,0.4.23,150,1302764
vuln_047_SC08,124,0.4.19,150,1206588
vuln_048_SC08,124,0.4.19,150,786724
vuln_049_SC08,1,0.4.24,22,393508
vuln_050_SC08,124,0.4.19,150,1225176
vuln_051_SC08,124,0.4.25,150,1312172
vuln_052_SC08,124,0.4.19,151,1190736
vuln_054_SC08,0,0.4.10,2,202736
vuln_055_SC08,0,0.4.0,2,203068
vuln_053_SC08,124,0.4.19,150,723944
vuln_057_SC08,1,0.4.24,16,370280
vuln_056_SC08,124,0.4.25,150,1385100
vuln_059_SC08,1,0.4.24,28,395988
vuln_058_SC08,124,0.4.25,150,1341676
vuln_060_SC08,124,0.4.19,150,808572
vuln_061_SC08,124,0.4.19,150,727428
vuln_062_SC08,124,0.4.19,150,808436
vuln_063_SC08,124,0.4.19,150,780908
vuln_064_SC08,124,0.4.19,150,1226100
vuln_065_SC08,124,0.4.25,150,1377500
vuln_066_SC08,1,0.4.15,15,330840
vuln_067_SC08,1,0.4.18,53,530180
vuln_068_SC08,124,0.4.19,150,1182820
vuln_070_SC08,0,0.4.2,3,202848
vuln_069_SC08,124,0.4.19,150,1180912
vuln_072_SC09,1,0.4.11,6,283880
vuln_073_SC09,1,0.4.19,4,251332
vuln_074_SC09,0,0.4.10,2,202812
vuln_075_SC09,1,0.4.25,4,250308
vuln_076_SC09,1,0.4.18,10,315196
vuln_077_SC09,0,0.4.10,2,202972
vuln_078_SC09,1,0.4.19,4,251488
vuln_079_SC09,1,0.4.19,4,253536
vuln_071_SC08,124,0.4.25,150,1357616
vuln_081_SC09,1,0.4.23,5,269288
vuln_080_SC09,1,0.4.21,85,630900
vuln_083_SC09,1,0.4.23,4,269492
vuln_084_SC09,0,0.4.19,3,221632
vuln_085_SC09,1,0.4.15,5,287112
vuln_086_SC09,1,0.4.23,46,642220
vuln_087_SC01,0,0.4.24,2,203232
vuln_088_SC01,0,0.4.24,2,203356
vuln_089_SC01,0,0.4.24,3,202928
vuln_090_SC01,0,0.4.13,2,203224
vuln_091_SC01,0,0.4.11,2,203644
vuln_092_SC01,0,0.4.24,2,202972
vuln_093_SC01,0,0.4.16,3,203116
vuln_094_SC01,0,0.4.24,2,202468
vuln_095_SC01,0,0.4.24,2,203256
vuln_096_SC01,0,0.4.24,2,202984
vuln_097_SC01,0,0.4.11,2,204176
vuln_098_SC01,0,0.4.24,3,203284
vuln_099_SC05,1,0.4.24,3,233948
vuln_082_SC09,124,0.4.16,150,1242276
vuln_100_SC05,1,0.4.20,121,2241252
vuln_101_SC05,124,0.4.22,150,904624
vuln_102_SC05,1,0.4.25,115,1154724
vuln_103_SC05,124,0.4.24,150,898072
vuln_104_SC05,124,0.4.16,150,670016
vuln_106_SC05,1,0.4.24,3,236688
vuln_105_SC05,0,0.4.25,108,922960
vuln_107_SC05,0,0.4.21,108,891396
vuln_109_SC05,0,0.4.24,10,466644
vuln_108_SC05,124,0.4.23,150,842948
vuln_110_SC05,1,0.4.22,115,1836256
vuln_112_SC06,0,0.4.18,2,203100
vuln_111_SC05,0,0.4.25,109,1370164
vuln_113_SC06,1,0.4.24,132,1477044
vuln_115_SC06,0,0.4.18,2,203056
vuln_116_SC06,0,0.4.21,2,203184
vuln_117_SC06,0,0.4.21,108,889772
vuln_118_SC06,0,0.4.11,2,204500
vuln_119_SC06,0,0.4.16,3,202912
vuln_114_SC06,124,0.4.21,150,1228404
vuln_121_SC06,0,0.4.16,2,202672
vuln_122_SC06,0,0.4.18,2,202960
vuln_120_SC06,0,0.5.1,74,640288
vuln_123_SC06,124,0.4.24,150,851216
vuln_124_SC06,1,0.4.25,112,2174848
vuln_125_SC06,1,0.4.24,118,1730192
vuln_126_SC06,124,0.4.18,150,943884
vuln_128_SC06,1,0.4.11,25,253684
vuln_127_SC06,1,0.4.24,105,713336
vuln_129_SC06,0,0.4.24,111,2219464
vuln_131_SC06,0,0.4.18,2,203184
vuln_132_SC06,1,0.4.23,9,290300
vuln_130_SC06,1,0.4.24,122,941056
vuln_133_SC06,0,0.4.16,108,830852
vuln_134_SC06,1,0.4.19,106,566164
vuln_136_SC09,1,0.4.25,103,1477252
vuln_135_SC06,1,0.4.24,140,663992
vuln_137_SC09,124,0.4.13,150,861760
vuln_138_SC09,124,0.4.24,150,851140
vuln_139_SC09,124,0.4.25,150,828572
vuln_140_SC09,1,0.4.25,148,2468672
vuln_141_SC09,1,0.4.25,136,1616180
vuln_142_SC09,124,0.4.24,150,690524
vuln_143_SC09,1,0.4.24,148,1736956
vuln_145_SC09,0,0.5.0,8,292052
vuln_144_SC09,124,0.4.24,150,1085640
vuln_147_SC09,0,0.4.21,112,1935320
vuln_146_SC09,124,0.4.24,150,969900
vuln_149_SC09,0,0.4.24,3,220896
vuln_150_SC09,1,0.4.18,116,2366304
vuln_148_SC09,1,0.4.16,143,701188
vuln_301_SC01,0,0.4.24,71,588880
vuln_302_SC06,124,0.4.21,150,1274336
vuln_303_SC06,1,0.4.24,113,793200
vuln_305_SC06,0,0.4.18,2,203532
vuln_304_SC06,0,0.4.21,108,895152
vuln_307_SC08,1,0.4.15,15,353092
vuln_306_SC06,124,0.4.11,150,2263252
vuln_308_SC08,124,0.4.24,150,860020
