safe_151_SAFE,1,2453,144884
safe_152_SAFE,1,2650,147084
safe_153_SAFE,1,2509,149968
safe_154_SAFE,1,2368,145820
safe_155_SAFE,1,2403,145168
safe_156_SAFE,1,2388,146512
safe_157_SAFE,1,2403,147228
safe_158_SAFE,1,2399,144744
safe_159_SAFE,1,4386,212736
safe_160_SAFE,1,2408,145676
safe_161_SAFE,1,2493,147636
safe_162_SAFE,1,2663,146912
safe_163_SAFE,1,2393,146656
safe_164_SAFE,1,2391,145728
safe_165_SAFE,1,2430,147280
safe_166_SAFE,1,2560,153984
safe_167_SAFE,1,2411,147160
safe_168_SAFE,1,2416,145724
safe_169_SAFE,1,2445,145452
safe_170_SAFE,1,2455,148980
safe_171_SAFE,1,2380,145848
safe_172_SAFE,1,2403,145900
safe_173_SAFE,1,2589,147408
safe_174_SAFE,1,2406,145448
safe_175_SAFE,1,2449,148244
safe_176_SAFE,1,2733,152380
safe_177_SAFE,1,2478,147804
safe_178_SAFE,1,2431,147984
safe_179_SAFE,1,2447,145196
safe_180_SAFE,1,2469,146008
safe_181_SAFE,1,2424,145608
safe_182_SAFE,1,2381,145440
safe_183_SAFE,1,2425,144808
safe_184_SAFE,1,2386,145088
safe_185_SAFE,1,2592,153036
safe_186_SAFE,1,2414,146692
safe_187_SAFE,1,2410,145692
safe_188_SAFE,1,2470,148852
safe_189_SAFE,1,2426,145320
safe_190_SAFE,1,2578,152936
safe_191_SAFE,1,2446,145744
safe_192_SAFE,1,2632,159868
safe_193_SAFE,1,2403,145736
safe_194_SAFE,1,2392,145884
safe_195_SAFE,1,2404,146700
safe_196_SAFE,1,2409,146036
safe_197_SAFE,1,2384,146964
safe_198_SAFE,1,2758,157260
safe_199_SAFE,1,2597,144688
safe_200_SAFE,1,2596,145552
safe_201_SAFE,1,2547,146128
safe_202_SAFE,1,2435,144988
safe_203_SAFE,1,2445,147240
safe_204_SAFE,1,2381,145484
safe_205_SAFE,1,2465,145684
safe_206_SAFE,1,2422,147236
safe_207_SAFE,1,2416,146548
safe_208_SAFE,1,2435,144316
safe_209_SAFE,1,2407,146080
safe_210_SAFE,1,2420,146372
safe_211_SAFE,1,2415,146124
safe_212_SAFE,1,2419,145480
safe_213_SAFE,1,2496,145492
safe_214_SAFE,1,2591,145936
safe_215_SAFE,1,2485,147464
safe_216_SAFE,1,2449,145336
safe_217_SAFE,1,2437,147032
safe_218_SAFE,1,2480,145116
safe_219_SAFE,1,2676,144236
safe_220_SAFE,1,2473,145240
safe_221_SAFE,1,2426,145672
safe_222_SAFE,1,2446,146612
safe_223_SAFE,1,2384,145896
safe_224_SAFE,1,2388,147972
safe_225_SAFE,1,2403,144840
safe_226_SAFE,1,2534,149532
safe_227_SAFE,1,2550,160904
safe_228_SAFE,1,2379,145932
safe_229_SAFE,1,2429,147740
safe_230_SAFE,1,2415,145956
safe_231_SAFE,1,2624,158248
safe_232_SAFE,1,2395,147140
safe_233_SAFE,1,2435,147276
safe_234_SAFE,1,2453,145752
safe_235_SAFE,1,2483,147020
safe_236_SAFE,1,2412,145072
safe_237_SAFE,1,2442,145760
safe_238_SAFE,1,2427,145580
safe_239_SAFE,1,2426,144792
safe_240_SAFE,1,2403,145820
safe_241_SAFE,1,2401,146220
safe_242_SAFE,1,2400,146644
safe_243_SAFE,1,2422,147192
safe_244_SAFE,1,2402,145460
safe_245_SAFE,1,2415,146096
safe_246_SAFE,1,2426,145368
safe_247_SAFE,1,2417,145384
safe_248_SAFE,1,2430,146684
safe_249_SAFE,1,2421,145636
safe_250_SAFE,1,2436,145396
safe_251_SAFE,1,2555,152336
safe_252_SAFE,1,2416,146048
safe_253_SAFE,1,2430,145152
safe_254_SAFE,1,2448,146332
safe_255_SAFE,1,2433,145932
safe_256_SAFE,1,2387,145848
safe_257_SAFE,1,2418,145544
safe_258_SAFE,1,2463,147748
safe_259_SAFE,1,2438,146624
safe_260_SAFE,1,2407,144440
safe_261_SAFE,1,2424,147080
safe_262_SAFE,1,2381,145492
safe_263_SAFE,1,2421,148332
safe_264_SAFE,1,2402,145708
safe_265_SAFE,1,2400,144976
safe_266_SAFE,1,2398,146228
safe_267_SAFE,1,2421,145860
safe_268_SAFE,1,2378,144508
safe_269_SAFE,1,2479,148880
safe_270_SAFE,1,2429,145276
safe_271_SAFE,1,2422,147208
safe_272_SAFE,1,2404,145896
safe_273_SAFE,1,2441,147216
safe_274_SAFE,1,2366,144964
safe_275_SAFE,1,2444,146444
safe_276_SAFE,1,2404,145528
safe_277_SAFE,1,2436,145476
safe_278_SAFE,1,2460,150608
safe_279_SAFE,1,2396,145664
safe_280_SAFE,1,2442,147028
safe_281_SAFE,1,2389,146024
safe_282_SAFE,1,2420,147488
safe_283_SAFE,1,2443,146428
safe_284_SAFE,1,2486,145848
safe_285_SAFE,1,2494,148840
safe_286_SAFE,1,2477,147480
safe_287_SAFE,1,2399,145964
safe_288_SAFE,1,2471,148100
safe_289_SAFE,1,2426,145760
safe_290_SAFE,1,2381,146328
safe_291_SAFE,1,2458,146276
safe_292_SAFE,1,2389,146028
safe_293_SAFE,1,2427,145472
safe_294_SAFE,1,2390,144824
safe_295_SAFE,1,2438,145396
safe_296_SAFE,1,2430,146416
safe_297_SAFE,1,2476,148188
safe_298_SAFE,1,2460,146448
safe_299_SAFE,1,2525,147232
safe_300_SAFE,1,2451,145068
vuln_001_SC01,1,2422,145044
vuln_002_SC01,1,2437,144664
vuln_003_SC01,1,2447,144624
vuln_004_SC01,1,2449,148356
vuln_005_SC01,1,2439,147844
vuln_006_SC01,1,2418,143692
vuln_007_SC01,1,2386,144804
vuln_008_SC01,1,2397,144364
vuln_009_SC01,1,2397,144184
vuln_010_SC01,1,2444,144964
vuln_011_SC01,1,2425,144492
vuln_012_SC01,1,2376,144060
vuln_013_SC01,1,2379,145000
vuln_014_SC01,1,2398,145504
vuln_015_SC01,1,2416,146256
vuln_016_SC01,1,2417,144464
vuln_017_SC01,1,2358,144244
vuln_018_SC01,1,2406,145172
vuln_019_SC05,1,2428,147364
vuln_020_SC05,1,2402,146356
vuln_021_SC05,1,2443,144424
vuln_022_SC05,1,2394,145160
vuln_023_SC05,1,2401,145696
vuln_024_SC05,1,2388,144720
vuln_025_SC05,1,2547,151776
vuln_026_SC05,1,2365,144620
vuln_027_SC05,1,2370,144632
vuln_028_SC05,1,2528,144236
vuln_029_SC05,1,2400,144672
vuln_030_SC05,1,2402,144672
vuln_031_SC05,1,2397,144580
vuln_032_SC05,1,2419,144388
vuln_033_SC05,1,2418,144460
vuln_034_SC05,1,2400,145476
vuln_035_SC05,1,2505,145088
vuln_036_SC06,1,2444,144720
vuln_037_SC06,1,2448,144376
vuln_038_SC06,1,2397,144504
vuln_039_SC06,1,2439,145520
vuln_040_SC06,1,2376,145072
vuln_041_SC06,1,2418,144540
vuln_042_SC08,1,2404,145416
vuln_043_SC08,1,2414,144408
vuln_044_SC08,1,2409,145052
vuln_045_SC08,1,2408,144340
vuln_046_SC08,1,2584,158600
vuln_047_SC08,1,2427,145680
vuln_048_SC08,1,2449,145132
vuln_049_SC08,1,2399,145076
vuln_050_SC08,1,2410,145400
vuln_051_SC08,1,2369,145624
vuln_052_SC08,1,2396,144540
vuln_053_SC08,1,2429,145028
vuln_054_SC08,1,2418,145544
vuln_055_SC08,1,2419,145072
vuln_056_SC08,1,2405,145204
vuln_057_SC08,1,2409,144584
vuln_058_SC08,1,2414,144568
vuln_059_SC08,1,2399,144700
vuln_060_SC08,1,2399,144968
vuln_061_SC08,1,2404,145040
vuln_062_SC08,1,2426,145436
vuln_063_SC08,1,2392,144896
vuln_064_SC08,1,2377,144604
vuln_065_SC08,1,2392,144964
vuln_066_SC08,1,2369,144716
vuln_067_SC08,1,2433,145052
vuln_068_SC08,1,2398,144940
vuln_069_SC08,1,2417,145092
vuln_070_SC08,1,2389,144272
vuln_071_SC08,1,2391,145368
vuln_072_SC09,1,2398,144616
vuln_073_SC09,1,2465,144600
vuln_074_SC09,1,2428,144028
vuln_075_SC09,1,2369,144004
vuln_076_SC09,1,2438,145124
vuln_077_SC09,1,2384,144500
vuln_078_SC09,1,2406,144404
vuln_079_SC09,1,2376,144712
vuln_080_SC09,1,2400,145116
vuln_081_SC09,1,2414,144452
vuln_082_SC09,1,2454,146680
vuln_083_SC09,1,2424,145040
vuln_084_SC09,1,2496,144552
vuln_085_SC09,1,2404,144492
vuln_086_SC09,1,2396,144340
vuln_087_SC01,1,2505,149948
vuln_088_SC01,1,2359,141296
vuln_089_SC01,1,2377,141640
vuln_090_SC01,1,2434,146592
vuln_091_SC01,1,2373,146244
vuln_092_SC01,1,2378,141396
vuln_093_SC01,1,2404,145864
vuln_094_SC01,1,2405,141352
vuln_095_SC01,1,2428,140572
vuln_096_SC01,1,2393,141116
vuln_097_SC01,1,2458,147760
vuln_098_SC01,1,2370,141432
vuln_099_SC05,1,2400,143996
vuln_100_SC05,1,2413,148576
vuln_101_SC05,1,2443,146920
vuln_102_SC05,1,2427,146680
vuln_103_SC05,1,2420,146656
vuln_104_SC05,1,2386,146028
vuln_105_SC05,1,2746,200352
vuln_106_SC05,1,2404,144032
vuln_107_SC05,1,2409,147824
vuln_108_SC05,1,2409,146388
vuln_109_SC05,1,2372,144740
vuln_110_SC05,1,2438,144924
vuln_111_SC05,1,2379,145316
vuln_112_SC06,1,2484,147920
vuln_113_SC06,1,2420,146212
vuln_114_SC06,1,2429,147284
vuln_115_SC06,1,2429,145604
vuln_116_SC06,1,2456,147128
vuln_117_SC06,1,2460,147976
vuln_118_SC06,1,2513,148848
vuln_119_SC06,1,2428,146408
vuln_120_SC06,1,2397,145288
vuln_121_SC06,1,2453,147152
vuln_122_SC06,1,2457,146544
vuln_123_SC06,1,2439,147260
vuln_124_SC06,1,2449,147616
vuln_125_SC06,1,2458,148152
vuln_126_SC06,1,2442,147036
vuln_127_SC06,1,2391,144988
vuln_128_SC06,1,2434,146880
vuln_129_SC06,1,2401,146188
vuln_130_SC06,1,2407,147816
vuln_131_SC06,1,2425,148084
vuln_132_SC06,1,2411,144264
vuln_133_SC06,1,2369,145084
vuln_134_SC06,1,2393,145524
vuln_135_SC06,1,2467,146176
vuln_136_SC09,1,2430,144872
vuln_137_SC09,1,2476,150508
vuln_138_SC09,1,2413,145864
vuln_139_SC09,1,2431,146100
vuln_140_SC09,1,2382,147060
vuln_141_SC09,1,2450,147436
vuln_142_SC09,1,2485,149940
vuln_143_SC09,1,2552,148608
vuln_144_SC09,1,2464,152228
vuln_145_SC09,1,2588,153428
vuln_146_SC09,1,2396,145964
vuln_147_SC09,1,2378,144260
vuln_148_SC09,1,2407,144724
vuln_149_SC09,1,2419,144260
vuln_150_SC09,1,2449,148032
vuln_301_SC01,1,2417,145908
vuln_302_SC06,1,2974,171924
vuln_303_SC06,1,2404,145960
vuln_304_SC06,1,2406,147920
vuln_305_SC06,1,2425,147112
vuln_306_SC06,1,2449,147700
vuln_307_SC08,1,2433,144800
vuln_308_SC08,1,2487,146772
