safe_151_SAFE,1,1190,19760
safe_152_SAFE,1,1246,29804
safe_153_SAFE,1,1325,36256
safe_154_SAFE,1,1208,24012
safe_155_SAFE,1,1207,22844
safe_156_SAFE,1,1203,22756
safe_157_SAFE,1,1224,27032
safe_158_SAFE,1,1180,18696
safe_159_SAFE,1,1670,83440
safe_160_SAFE,1,1199,20080
safe_161_SAFE,1,1221,25320
safe_162_SAFE,1,1212,25096
safe_163_SAFE,1,1228,26720
safe_164_SAFE,1,1213,24852
safe_165_SAFE,1,1249,25684
safe_166_SAFE,0,97,19080
safe_167_SAFE,1,1255,29960
safe_168_SAFE,1,1203,22412
safe_169_SAFE,1,1202,21636
safe_170_SAFE,1,1276,37312
safe_171_SAFE,1,1197,23412
safe_172_SAFE,1,1238,28284
safe_173_SAFE,0,50,15972
safe_174_SAFE,1,1189,20960
safe_175_SAFE,1,1260,33548
safe_176_SAFE,1,1314,38264
safe_177_SAFE,1,1284,29412
safe_178_SAFE,1,1254,28072
safe_179_SAFE,1,1199,22784
safe_180_SAFE,0,32,14940
safe_181_SAFE,1,1201,22788
safe_182_SAFE,1,1208,23908
safe_183_SAFE,1,1192,19960
safe_184_SAFE,0,18,13788
safe_185_SAFE,0,150,19656
safe_186_SAFE,1,1236,24624
safe_187_SAFE,0,34,14376
safe_188_SAFE,0,86,18392
safe_189_SAFE,1,1201,22928
safe_190_SAFE,0,474,24392
safe_191_SAFE,1,1215,23056
safe_192_SAFE,1,1564,71500
safe_193_SAFE,0,33,14680
safe_194_SAFE,1,1201,22952
safe_195_SAFE,1,1229,23908
safe_196_SAFE,1,1223,26052
safe_197_SAFE,1,1215,24832
safe_198_SAFE,1,1508,66256
safe_199_SAFE,1,1207,22044
safe_200_SAFE,1,1192,20380
safe_201_SAFE,1,1207,22096
safe_202_SAFE,1,1216,23332
safe_203_SAFE,1,1234,25744
safe_204_SAFE,1,1202,22788
safe_205_SAFE,1,1196,23080
safe_206_SAFE,1,1237,24848
safe_207_SAFE,1,1200,21412
safe_208_SAFE,1,1188,19896
safe_209_SAFE,1,1207,22812
safe_210_SAFE,0,31,14632
safe_211_SAFE,1,1213,25232
safe_212_SAFE,1,1197,20872
safe_213_SAFE,0,19,17224
safe_214_SAFE,1,1208,23516
safe_215_SAFE,0,51,16284
safe_216_SAFE,1,1196,20404
safe_217_SAFE,1,1217,24244
safe_218_SAFE,1,1217,23616
safe_219_SAFE,1,1198,21748
safe_220_SAFE,1,1196,20460
safe_221_SAFE,1,810,21748
safe_222_SAFE,1,827,23820
safe_223_SAFE,0,114,19828
safe_224_SAFE,1,872,28852
safe_225_SAFE,0,14,13872
safe_226_SAFE,1,918,39324
safe_227_SAFE,0,274,39056
safe_228_SAFE,1,813,23516
safe_229_SAFE,1,805,20708
safe_230_SAFE,1,808,21332
safe_231_SAFE,1,961,43676
safe_232_SAFE,1,833,24252
safe_233_SAFE,0,155,28624
safe_234_SAFE,0,31,14796
safe_235_SAFE,1,831,23896
safe_236_SAFE,1,813,22892
safe_237_SAFE,0,25,14912
safe_238_SAFE,1,812,22164
safe_239_SAFE,1,795,18756
safe_240_SAFE,1,809,21740
safe_241_SAFE,1,807,23176
safe_242_SAFE,0,37,15428
safe_243_SAFE,1,834,24096
safe_244_SAFE,1,813,22244
safe_245_SAFE,1,825,25464
safe_246_SAFE,1,804,21040
safe_247_SAFE,0,32,14784
safe_248_SAFE,1,865,25248
safe_249_SAFE,1,809,23036
safe_250_SAFE,1,812,22192
safe_251_SAFE,1,942,40232
safe_252_SAFE,1,823,23476
safe_253_SAFE,0,29,14732
safe_254_SAFE,1,825,24960
safe_255_SAFE,1,810,21576
safe_256_SAFE,1,809,22992
safe_257_SAFE,1,809,22096
safe_258_SAFE,1,903,39488
safe_259_SAFE,1,828,23772
safe_260_SAFE,1,804,20404
safe_261_SAFE,1,825,24828
safe_262_SAFE,1,810,21760
safe_263_SAFE,1,845,27500
safe_264_SAFE,1,809,22988
safe_265_SAFE,1,801,19836
safe_266_SAFE,1,809,22076
safe_267_SAFE,0,29,14764
safe_268_SAFE,1,794,18980
safe_269_SAFE,1,891,31616
safe_270_SAFE,1,811,21384
safe_271_SAFE,1,845,29308
safe_272_SAFE,1,826,23780
safe_273_SAFE,1,873,29108
safe_274_SAFE,1,803,20996
safe_275_SAFE,1,817,22888
safe_276_SAFE,1,816,24112
safe_277_SAFE,1,807,23016
safe_278_SAFE,1,937,39880
safe_279_SAFE,1,807,21616
safe_280_SAFE,0,55,16796
safe_281_SAFE,1,821,24384
safe_282_SAFE,1,856,26576
safe_283_SAFE,0,32,14236
safe_284_SAFE,0,31,14712
safe_285_SAFE,1,900,33188
safe_286_SAFE,1,839,25908
safe_287_SAFE,1,812,21776
safe_288_SAFE,1,855,30964
safe_289_SAFE,1,807,23056
safe_290_SAFE,1,831,25796
safe_291_SAFE,1,825,23356
safe_292_SAFE,1,830,25492
safe_293_SAFE,1,806,22232
safe_294_SAFE,1,809,21192
safe_295_SAFE,1,812,22908
safe_296_SAFE,1,833,24012
safe_297_SAFE,0,86,18180
safe_298_SAFE,1,846,27844
safe_299_SAFE,1,853,29300
safe_300_SAFE,0,16,14080
vuln_001_SC01,1,797,19012
vuln_002_SC01,1,794,19260
vuln_003_SC01,1,790,18900
vuln_004_SC01,0,326929,45924
vuln_005_SC01,0,70,17548
vuln_006_SC01,1,790,19120
vuln_007_SC01,1,791,19032
vuln_008_SC01,1,794,19000
vuln_009_SC01,1,792,19216
vuln_010_SC01,1,798,19680
vuln_011_SC01,1,799,19536
vuln_012_SC01,1,792,19228
vuln_013_SC01,1,795,19468
vuln_014_SC01,1,791,18668
vuln_015_SC01,0,29,14900
vuln_016_SC01,1,797,19252
vuln_017_SC01,1,791,19028
vuln_018_SC01,1,795,18968
vuln_019_SC05,0,58,16376
vuln_020_SC05,0,32,15404
vuln_021_SC05,1,794,19316
vuln_022_SC05,0,14,14148
vuln_023_SC05,1,818,23288
vuln_024_SC05,1,797,19356
vuln_025_SC05,1,975,46720
vuln_026_SC05,1,799,19672
vuln_027_SC05,1,790,19168
vuln_028_SC05,1,793,19252
vuln_029_SC05,0,18,14060
vuln_030_SC05,1,818,21204
vuln_031_SC05,1,796,20736
vuln_032_SC05,1,792,19456
vuln_033_SC05,1,792,19044
vuln_034_SC05,1,812,21848
vuln_035_SC05,0,15,13888
vuln_036_SC06,1,801,19660
vuln_037_SC06,1,794,19368
vuln_038_SC06,1,4292,27364
vuln_039_SC06,1,811,22836
vuln_040_SC06,1,799,19144
vuln_041_SC06,1,793,18956
vuln_042_SC08,1,799,20364
vuln_043_SC08,1,804,19896
vuln_044_SC08,1,795,19568
vuln_045_SC08,1,803,19792
vuln_046_SC08,1,1014,55196
vuln_047_SC08,0,18,14128
vuln_048_SC08,1,809,20224
vuln_049_SC08,1,798,19508
vuln_050_SC08,0,19,14224
vuln_051_SC08,1,804,22028
vuln_052_SC08,1,805,20460
vuln_053_SC08,1,800,19752
vuln_054_SC08,1,795,19332
vuln_055_SC08,0,11,13772
vuln_056_SC08,1,811,21708
vuln_057_SC08,1,792,19432
vuln_058_SC08,1,802,22144
vuln_059_SC08,1,795,19396
vuln_060_SC08,0,19,13940
vuln_061_SC08,1,805,19968
vuln_062_SC08,0,16,14228
vuln_063_SC08,1,800,19912
vuln_064_SC08,1,802,19512
vuln_065_SC08,1,806,21556
vuln_066_SC08,0,10,13896
vuln_067_SC08,1,803,19260
vuln_068_SC08,1,799,20224
vuln_069_SC08,1,800,19700
vuln_070_SC08,1,794,19328
vuln_071_SC08,1,804,21868
vuln_072_SC09,1,789,18748
vuln_073_SC09,1,789,19172
vuln_074_SC09,1,801,20004
vuln_075_SC09,1,4076,25556
vuln_076_SC09,1,803,21092
vuln_077_SC09,1,792,18908
vuln_078_SC09,1,790,18988
vuln_079_SC09,1,790,18860
vuln_080_SC09,1,804,19668
vuln_081_SC09,1,793,18968
vuln_082_SC09,1,842,25756
vuln_083_SC09,1,789,18492
vuln_084_SC09,1,793,18828
vuln_085_SC09,1,790,19232
vuln_086_SC09,1,798,18884
vuln_087_SC01,0,14,12776
vuln_088_SC01,0,22,12560
vuln_089_SC01,0,19,12532
vuln_090_SC01,0,20,12852
vuln_091_SC01,0,21,12836
vuln_092_SC01,0,27,12712
vuln_093_SC01,0,10,11076
vuln_094_SC01,0,29,12760
vuln_095_SC01,0,29,12612
vuln_096_SC01,0,28,12716
vuln_097_SC01,0,20,12816
vuln_098_SC01,0,26,12596
vuln_099_SC05,1,806,18504
vuln_100_SC05,1,877,29600
vuln_101_SC05,1,830,23964
vuln_102_SC05,1,848,28784
vuln_103_SC05,1,843,24708
vuln_104_SC05,1,3998,28888
vuln_105_SC05,1,824,26164
vuln_106_SC05,1,791,18992
vuln_107_SC05,1,805,20472
vuln_108_SC05,1,928,25988
vuln_109_SC05,1,802,19852
vuln_110_SC05,1,817,21508
vuln_111_SC05,1,821,25024
vuln_112_SC06,0,7,11312
vuln_113_SC06,1,832,24612
vuln_114_SC06,1,878,29588
vuln_115_SC06,0,9,12552
vuln_116_SC06,0,16,12880
vuln_117_SC06,1,814,20612
vuln_118_SC06,0,10,12920
vuln_119_SC06,0,15,12876
vuln_120_SC06,1,4504,32956
vuln_121_SC06,1,820,23200
vuln_122_SC06,1,839,28056
vuln_123_SC06,1,863,26012
vuln_124_SC06,1,862,30980
vuln_125_SC06,1,851,28720
vuln_126_SC06,1,855,28636
vuln_127_SC06,1,805,22028
vuln_128_SC06,0,48,16152
vuln_129_SC06,1,822,24356
vuln_130_SC06,1,858,31780
vuln_131_SC06,1,886,27872
vuln_132_SC06,1,797,18624
vuln_133_SC06,1,804,20740
vuln_134_SC06,1,805,20832
vuln_135_SC06,0,8,12868
vuln_136_SC09,1,801,19860
vuln_137_SC09,1,943,35340
vuln_138_SC09,1,827,25620
vuln_139_SC09,1,825,23796
vuln_140_SC09,1,834,24704
vuln_141_SC09,1,822,24628
vuln_142_SC09,1,898,38216
vuln_143_SC09,1,876,34024
vuln_144_SC09,1,1044,39616
vuln_145_SC09,1,951,48336
vuln_146_SC09,1,841,25948
vuln_147_SC09,1,803,20212
vuln_148_SC09,0,38,14596
vuln_149_SC09,1,792,18948
vuln_150_SC09,1,845,28580
vuln_301_SC01,0,12,12648
vuln_302_SC06,1,1146,61580
vuln_303_SC06,0,8,12876
vuln_304_SC06,1,806,20348
vuln_305_SC06,1,831,26208
vuln_306_SC06,0,62,16828
vuln_307_SC08,0,10,13712
vuln_308_SC08,1,839,24408
