vuln_001_SC01,SC01,0.4.24
vuln_002_SC01,SC01,0.4.25
vuln_003_SC01,SC01,0.4.22
vuln_004_SC01,SC01,0.4.9
vuln_005_SC01,SC01,0.4.9
vuln_006_SC01,SC01,0.4.15
vuln_007_SC01,SC01,0.4.24
vuln_008_SC01,SC01,0.4.0
vuln_009_SC01,SC01,0.4.24
vuln_010_SC01,SC01,0.4.23
vuln_011_SC01,SC01,0.4.22
vuln_012_SC01,SC01,0.4.24
vuln_013_SC01,SC01,0.4.24
vuln_014_SC01,SC01,0.4.24
vuln_015_SC01,SC01,0.4.15
vuln_016_SC01,SC01,0.4.24
vuln_017_SC01,SC01,0.4.24
vuln_018_SC01,SC01,0.4.24
vuln_019_SC05,SC05,0.4.9
vuln_020_SC05,SC05,0.4.0
vuln_021_SC05,SC05,0.4.25
vuln_022_SC05,SC05,0.4.0
vuln_023_SC05,SC05,0.4.16
vuln_024_SC05,SC05,0.4.21
vuln_025_SC05,SC05,0.4.13
vuln_026_SC05,SC05,0.4.24
vuln_027_SC05,SC05,0.4.25
vuln_028_SC05,SC05,0.4.25
vuln_029_SC05,SC05,0.4.0
vuln_030_SC05,SC05,0.4.15
vuln_031_SC05,SC05,0.4.0
vuln_032_SC05,SC05,0.4.16
vuln_033_SC05,SC05,0.4.22
vuln_034_SC05,SC05,0.4.24
vuln_035_SC05,SC05,0.4.2
vuln_036_SC06,SC06,0.4.25
vuln_037_SC06,SC06,0.4.25
vuln_038_SC06,SC06,0.4.24
vuln_039_SC06,SC06,0.4.0
vuln_040_SC06,SC06,0.4.25
vuln_041_SC06,SC06,0.4.15
vuln_042_SC08,SC08,0.4.19
vuln_043_SC08,SC08,0.4.19
vuln_044_SC08,SC08,0.4.19
vuln_045_SC08,SC08,0.4.19
vuln_046_SC08,SC08,0.4.23
vuln_047_SC08,SC08,0.4.19
vuln_048_SC08,SC08,0.4.19
vuln_049_SC08,SC08,0.4.24
vuln_050_SC08,SC08,0.4.19
vuln_051_SC08,SC08,0.4.25
vuln_052_SC08,SC08,0.4.19
vuln_053_SC08,SC08,0.4.19
vuln_054_SC08,SC08,0.4.10
vuln_055_SC08,SC08,0.4.0
vuln_056_SC08,SC08,0.4.25
vuln_057_SC08,SC08,0.4.24
vuln_058_SC08,SC08,0.4.25
vuln_059_SC08,SC08,0.4.24
vuln_060_SC08,SC08,0.4.19
vuln_061_SC08,SC08,0.4.19
vuln_062_SC08,SC08,0.4.19
vuln_063_SC08,SC08,0.4.19
vuln_064_SC08,SC08,0.4.19
vuln_065_SC08,SC08,0.4.25
vuln_066_SC08,SC08,0.4.15
vuln_067_SC08,SC08,0.4.18
vuln_068_SC08,SC08,0.4.19
vuln_069_SC08,SC08,0.4.19
vuln_070_SC08,SC08,0.4.2
vuln_071_SC08,SC08,0.4.25
vuln_072_SC09,SC09,0.4.11
vuln_073_SC09,SC09,0.4.19
vuln_074_SC09,SC09,0.4.10
vuln_075_SC09,SC09,0.4.25
vuln_076_SC09,SC09,0.4.18
vuln_077_SC09,SC09,0.4.10
vuln_078_SC09,SC09,0.4.19
vuln_079_SC09,SC09,0.4.19
vuln_080_SC09,SC09,0.4.21
vuln_081_SC09,SC09,0.4.23
vuln_082_SC09,SC09,0.4.16
vuln_083_SC09,SC09,0.4.23
vuln_084_SC09,SC09,0.4.19
vuln_085_SC09,SC09,0.4.15
vuln_086_SC09,SC09,0.4.23
vuln_087_SC01,SC01,0.4.24
vuln_088_SC01,SC01,0.4.24
vuln_089_SC01,SC01,0.4.24
vuln_090_SC01,SC01,0.4.24
vuln_091_SC01,SC01,0.4.24
vuln_092_SC01,SC01,0.4.24
vuln_093_SC01,SC01,0.4.24
vuln_094_SC01,SC01,0.4.24
vuln_095_SC01,SC01,0.4.24
vuln_096_SC01,SC01,0.4.24
vuln_097_SC01,SC01,0.4.24
vuln_098_SC01,SC01,0.4.24
vuln_099_SC05,SC05,0.8.20
vuln_100_SC05,SC05,0.4.20
vuln_101_SC05,SC05,0.4.22
vuln_102_SC05,SC05,0.4.25
vuln_103_SC05,SC05,0.4.24
vuln_104_SC05,SC05,0.4.16
vuln_105_SC05,SC05,0.4.25
vuln_106_SC05,SC05,0.8.20
vuln_107_SC05,SC05,0.4.21
vuln_108_SC05,SC05,0.4.23
vuln_109_SC05,SC05,0.4.24
vuln_110_SC05,SC05,0.4.22
vuln_111_SC05,SC05,0.4.25
vuln_112_SC06,SC06,0.4.24
vuln_113_SC06,SC06,0.4.24
vuln_114_SC06,SC06,0.4.21
vuln_115_SC06,SC06,0.4.24
vuln_116_SC06,SC06,0.4.24
vuln_117_SC06,SC06,0.4.21
vuln_118_SC06,SC06,0.4.24
vuln_119_SC06,SC06,0.4.24
vuln_120_SC06,SC06,0.5.1
vuln_121_SC06,SC06,0.4.24
vuln_122_SC06,SC06,0.4.24
vuln_123_SC06,SC06,0.4.24
vuln_124_SC06,SC06,0.4.25
vuln_125_SC06,SC06,0.4.24
vuln_126_SC06,SC06,0.4.18
vuln_127_SC06,SC06,0.4.24
vuln_128_SC06,SC06,0.4.11
vuln_129_SC06,SC06,0.4.24
vuln_130_SC06,SC06,0.4.24
vuln_131_SC06,SC06,0.4.24
vuln_132_SC06,SC06,0.4.23
vuln_133_SC06,SC06,0.4.16
vuln_134_SC06,SC06,0.4.19
vuln_135_SC06,SC06,0.4.24
vuln_136_SC09,SC09,0.4.25
vuln_137_SC09,SC09,0.4.13
vuln_138_SC09,SC09,0.4.24
vuln_139_SC09,SC09,0.4.25
vuln_140_SC09,SC09,0.4.25
vuln_141_SC09,SC09,0.4.25
vuln_142_SC09,SC09,0.4.24
vuln_143_SC09,SC09,0.4.24
vuln_144_SC09,SC09,0.4.24
vuln_145_SC09,SC09,0.5.0
vuln_146_SC09,SC09,0.4.24
vuln_147_SC09,SC09,0.4.21
vuln_148_SC09,SC09,0.4.16
vuln_149_SC09,SC09,0.8.20
vuln_150_SC09,SC09,0.4.18
vuln_301_SC01,SC01,0.4.24
vuln_302_SC06,SC06,0.4.21
vuln_303_SC06,SC06,0.4.24
vuln_304_SC06,SC06,0.4.21
vuln_305_SC06,SC06,0.4.24
vuln_306_SC06,SC06,0.4.11
vuln_307_SC08,SC08,0.4.15
vuln_308_SC08,SC08,0.4.24
safe_151_SAFE,SC01,0.4.24
safe_151_SAFE,SC05,0.4.24
safe_151_SAFE,SC06,0.4.24
safe_151_SAFE,SC08,0.4.24
safe_151_SAFE,SC09,0.4.24
safe_152_SAFE,SC01,0.4.18
safe_152_SAFE,SC05,0.4.18
safe_152_SAFE,SC06,0.4.18
safe_152_SAFE,SC08,0.4.18
safe_152_SAFE,SC09,0.4.18
safe_153_SAFE,SC01,0.4.23
safe_153_SAFE,SC05,0.4.23
safe_153_SAFE,SC06,0.4.23
safe_153_SAFE,SC08,0.4.23
safe_153_SAFE,SC09,0.4.23
safe_154_SAFE,SC01,0.4.18
safe_154_SAFE,SC05,0.4.18
safe_154_SAFE,SC06,0.4.18
safe_154_SAFE,SC08,0.4.18
safe_154_SAFE,SC09,0.4.18
safe_155_SAFE,SC01,0.4.24
safe_155_SAFE,SC05,0.4.24
safe_155_SAFE,SC06,0.4.24
safe_155_SAFE,SC08,0.4.24
safe_155_SAFE,SC09,0.4.24
safe_156_SAFE,SC01,0.4.15
safe_156_SAFE,SC05,0.4.15
safe_156_SAFE,SC06,0.4.15
safe_156_SAFE,SC08,0.4.15
safe_156_SAFE,SC09,0.4.15
safe_157_SAFE,SC01,0.4.21
safe_157_SAFE,SC05,0.4.21
safe_157_SAFE,SC06,0.4.21
safe_157_SAFE,SC08,0.4.21
safe_157_SAFE,SC09,0.4.21
safe_158_SAFE,SC01,0.4.0
safe_158_SAFE,SC05,0.4.0
safe_158_SAFE,SC06,0.4.0
safe_158_SAFE,SC08,0.4.0
safe_158_SAFE,SC09,0.4.0
safe_159_SAFE,SC01,0.4.18
safe_159_SAFE,SC05,0.4.18
safe_159_SAFE,SC06,0.4.18
safe_159_SAFE,SC08,0.4.18
safe_159_SAFE,SC09,0.4.18
safe_160_SAFE,SC01,0.4.21
safe_160_SAFE,SC05,0.4.21
safe_160_SAFE,SC06,0.4.21
safe_160_SAFE,SC08,0.4.21
safe_160_SAFE,SC09,0.4.21
safe_161_SAFE,SC01,0.4.18
safe_161_SAFE,SC05,0.4.18
safe_161_SAFE,SC06,0.4.18
safe_161_SAFE,SC08,0.4.18
safe_161_SAFE,SC09,0.4.18
safe_162_SAFE,SC01,0.4.24
safe_162_SAFE,SC05,0.4.24
safe_162_SAFE,SC06,0.4.24
safe_162_SAFE,SC08,0.4.24
safe_162_SAFE,SC09,0.4.24
safe_163_SAFE,SC01,0.4.16
safe_163_SAFE,SC05,0.4.16
safe_163_SAFE,SC06,0.4.16
safe_163_SAFE,SC08,0.4.16
safe_163_SAFE,SC09,0.4.16
safe_164_SAFE,SC01,0.4.11
safe_164_SAFE,SC05,0.4.11
safe_164_SAFE,SC06,0.4.11
safe_164_SAFE,SC08,0.4.11
safe_164_SAFE,SC09,0.4.11
safe_165_SAFE,SC01,0.4.24
safe_165_SAFE,SC05,0.4.24
safe_165_SAFE,SC06,0.4.24
safe_165_SAFE,SC08,0.4.24
safe_165_SAFE,SC09,0.4.24
safe_166_SAFE,SC01,0.4.24
safe_166_SAFE,SC05,0.4.24
safe_166_SAFE,SC06,0.4.24
safe_166_SAFE,SC08,0.4.24
safe_166_SAFE,SC09,0.4.24
safe_167_SAFE,SC01,0.4.18
safe_167_SAFE,SC05,0.4.18
safe_167_SAFE,SC06,0.4.18
safe_167_SAFE,SC08,0.4.18
safe_167_SAFE,SC09,0.4.18
safe_168_SAFE,SC01,0.4.18
safe_168_SAFE,SC05,0.4.18
safe_168_SAFE,SC06,0.4.18
safe_168_SAFE,SC08,0.4.18
safe_168_SAFE,SC09,0.4.18
safe_169_SAFE,SC01,0.4.15
safe_169_SAFE,SC05,0.4.15
safe_169_SAFE,SC06,0.4.15
safe_169_SAFE,SC08,0.4.15
safe_169_SAFE,SC09,0.4.15
safe_170_SAFE,SC01,0.4.24
safe_170_SAFE,SC05,0.4.24
safe_170_SAFE,SC06,0.4.24
safe_170_SAFE,SC08,0.4.24
safe_170_SAFE,SC09,0.4.24
safe_171_SAFE,SC01,0.4.11
safe_171_SAFE,SC05,0.4.11
safe_171_SAFE,SC06,0.4.11
safe_171_SAFE,SC08,0.4.11
safe_171_SAFE,SC09,0.4.11
safe_172_SAFE,SC01,0.4.24
safe_172_SAFE,SC05,0.4.24
safe_172_SAFE,SC06,0.4.24
safe_172_SAFE,SC08,0.4.24
safe_172_SAFE,SC09,0.4.24
safe_173_SAFE,SC01,0.4.4
safe_173_SAFE,SC05,0.4.4
safe_173_SAFE,SC06,0.4.4
safe_173_SAFE,SC08,0.4.4
safe_173_SAFE,SC09,0.4.4
safe_174_SAFE,SC01,0.4.19
safe_174_SAFE,SC05,0.4.19
safe_174_SAFE,SC06,0.4.19
safe_174_SAFE,SC08,0.4.19
safe_174_SAFE,SC09,0.4.19
safe_175_SAFE,SC01,0.4.18
safe_175_SAFE,SC05,0.4.18
safe_175_SAFE,SC06,0.4.18
safe_175_SAFE,SC08,0.4.18
safe_175_SAFE,SC09,0.4.18
safe_176_SAFE,SC01,0.4.21
safe_176_SAFE,SC05,0.4.21
safe_176_SAFE,SC06,0.4.21
safe_176_SAFE,SC08,0.4.21
safe_176_SAFE,SC09,0.4.21
safe_177_SAFE,SC01,0.4.23
safe_177_SAFE,SC05,0.4.23
safe_177_SAFE,SC06,0.4.23
safe_177_SAFE,SC08,0.4.23
safe_177_SAFE,SC09,0.4.23
safe_178_SAFE,SC01,0.4.24
safe_178_SAFE,SC05,0.4.24
safe_178_SAFE,SC06,0.4.24
safe_178_SAFE,SC08,0.4.24
safe_178_SAFE,SC09,0.4.24
safe_179_SAFE,SC01,0.4.24
safe_179_SAFE,SC05,0.4.24
safe_179_SAFE,SC06,0.4.24
safe_179_SAFE,SC08,0.4.24
safe_179_SAFE,SC09,0.4.24
safe_180_SAFE,SC01,0.4.24
safe_180_SAFE,SC05,0.4.24
safe_180_SAFE,SC06,0.4.24
safe_180_SAFE,SC08,0.4.24
safe_180_SAFE,SC09,0.4.24
safe_181_SAFE,SC01,0.4.24
safe_181_SAFE,SC05,0.4.24
safe_181_SAFE,SC06,0.4.24
safe_181_SAFE,SC08,0.4.24
safe_181_SAFE,SC09,0.4.24
safe_182_SAFE,SC01,0.4.19
safe_182_SAFE,SC05,0.4.19
safe_182_SAFE,SC06,0.4.19
safe_182_SAFE,SC08,0.4.19
safe_182_SAFE,SC09,0.4.19
safe_183_SAFE,SC01,0.4.19
safe_183_SAFE,SC05,0.4.19
safe_183_SAFE,SC06,0.4.19
safe_183_SAFE,SC08,0.4.19
safe_183_SAFE,SC09,0.4.19
safe_184_SAFE,SC01,0.4.24
safe_184_SAFE,SC05,0.4.24
safe_184_SAFE,SC06,0.4.24
safe_184_SAFE,SC08,0.4.24
safe_184_SAFE,SC09,0.4.24
safe_185_SAFE,SC01,0.4.8
safe_185_SAFE,SC05,0.4.8
safe_185_SAFE,SC06,0.4.8
safe_185_SAFE,SC08,0.4.8
safe_185_SAFE,SC09,0.4.8
safe_186_SAFE,SC01,0.4.18
safe_186_SAFE,SC05,0.4.18
safe_186_SAFE,SC06,0.4.18
safe_186_SAFE,SC08,0.4.18
safe_186_SAFE,SC09,0.4.18
safe_187_SAFE,SC01,0.4.4
safe_187_SAFE,SC05,0.4.4
safe_187_SAFE,SC06,0.4.4
safe_187_SAFE,SC08,0.4.4
safe_187_SAFE,SC09,0.4.4
safe_188_SAFE,SC01,0.4.9
safe_188_SAFE,SC05,0.4.9
safe_188_SAFE,SC06,0.4.9
safe_188_SAFE,SC08,0.4.9
safe_188_SAFE,SC09,0.4.9
safe_189_SAFE,SC01,0.4.24
safe_189_SAFE,SC05,0.4.24
safe_189_SAFE,SC06,0.4.24
safe_189_SAFE,SC08,0.4.24
safe_189_SAFE,SC09,0.4.24
safe_190_SAFE,SC01,0.4.6
safe_190_SAFE,SC05,0.4.6
safe_190_SAFE,SC06,0.4.6
safe_190_SAFE,SC08,0.4.6
safe_190_SAFE,SC09,0.4.6
safe_191_SAFE,SC01,0.4.18
safe_191_SAFE,SC05,0.4.18
safe_191_SAFE,SC06,0.4.18
safe_191_SAFE,SC08,0.4.18
safe_191_SAFE,SC09,0.4.18
safe_192_SAFE,SC01,0.4.24
safe_192_SAFE,SC05,0.4.24
safe_192_SAFE,SC06,0.4.24
safe_192_SAFE,SC08,0.4.24
safe_192_SAFE,SC09,0.4.24
safe_193_SAFE,SC01,0.4.24
safe_193_SAFE,SC05,0.4.24
safe_193_SAFE,SC06,0.4.24
safe_193_SAFE,SC08,0.4.24
safe_193_SAFE,SC09,0.4.24
safe_194_SAFE,SC01,0.4.24
safe_194_SAFE,SC05,0.4.24
safe_194_SAFE,SC06,0.4.24
safe_194_SAFE,SC08,0.4.24
safe_194_SAFE,SC09,0.4.24
safe_195_SAFE,SC01,0.4.23
safe_195_SAFE,SC05,0.4.23
safe_195_SAFE,SC06,0.4.23
safe_195_SAFE,SC08,0.4.23
safe_195_SAFE,SC09,0.4.23
safe_196_SAFE,SC01,0.4.23
safe_196_SAFE,SC05,0.4.23
safe_196_SAFE,SC06,0.4.23
safe_196_SAFE,SC08,0.4.23
safe_196_SAFE,SC09,0.4.23
safe_197_SAFE,SC01,0.4.24
safe_197_SAFE,SC05,0.4.24
safe_197_SAFE,SC06,0.4.24
safe_197_SAFE,SC08,0.4.24
safe_197_SAFE,SC09,0.4.24
safe_198_SAFE,SC01,0.4.24
safe_198_SAFE,SC05,0.4.24
safe_198_SAFE,SC06,0.4.24
safe_198_SAFE,SC08,0.4.24
safe_198_SAFE,SC09,0.4.24
safe_199_SAFE,SC01,0.4.16
safe_199_SAFE,SC05,0.4.16
safe_199_SAFE,SC06,0.4.16
safe_199_SAFE,SC08,0.4.16
safe_199_SAFE,SC09,0.4.16
safe_200_SAFE,SC01,0.4.24
safe_200_SAFE,SC05,0.4.24
safe_200_SAFE,SC06,0.4.24
safe_200_SAFE,SC08,0.4.24
safe_200_SAFE,SC09,0.4.24
safe_201_SAFE,SC01,0.4.16
safe_201_SAFE,SC05,0.4.16
safe_201_SAFE,SC06,0.4.16
safe_201_SAFE,SC08,0.4.16
safe_201_SAFE,SC09,0.4.16
safe_202_SAFE,SC01,0.4.24
safe_202_SAFE,SC05,0.4.24
safe_202_SAFE,SC06,0.4.24
safe_202_SAFE,SC08,0.4.24
safe_202_SAFE,SC09,0.4.24
safe_203_SAFE,SC01,0.4.18
safe_203_SAFE,SC05,0.4.18
safe_203_SAFE,SC06,0.4.18
safe_203_SAFE,SC08,0.4.18
safe_203_SAFE,SC09,0.4.18
safe_204_SAFE,SC01,0.4.13
safe_204_SAFE,SC05,0.4.13
safe_204_SAFE,SC06,0.4.13
safe_204_SAFE,SC08,0.4.13
safe_204_SAFE,SC09,0.4.13
safe_205_SAFE,SC01,0.4.24
safe_205_SAFE,SC05,0.4.24
safe_205_SAFE,SC06,0.4.24
safe_205_SAFE,SC08,0.4.24
safe_205_SAFE,SC09,0.4.24
safe_206_SAFE,SC01,0.4.24
safe_206_SAFE,SC05,0.4.24
safe_206_SAFE,SC06,0.4.24
safe_206_SAFE,SC08,0.4.24
safe_206_SAFE,SC09,0.4.24
safe_207_SAFE,SC01,0.4.17
safe_207_SAFE,SC05,0.4.17
safe_207_SAFE,SC06,0.4.17
safe_207_SAFE,SC08,0.4.17
safe_207_SAFE,SC09,0.4.17
safe_208_SAFE,SC01,0.4.19
safe_208_SAFE,SC05,0.4.19
safe_208_SAFE,SC06,0.4.19
safe_208_SAFE,SC08,0.4.19
safe_208_SAFE,SC09,0.4.19
safe_209_SAFE,SC01,0.4.24
safe_209_SAFE,SC05,0.4.24
safe_209_SAFE,SC06,0.4.24
safe_209_SAFE,SC08,0.4.24
safe_209_SAFE,SC09,0.4.24
safe_210_SAFE,SC01,0.4.4
safe_210_SAFE,SC05,0.4.4
safe_210_SAFE,SC06,0.4.4
safe_210_SAFE,SC08,0.4.4
safe_210_SAFE,SC09,0.4.4
safe_211_SAFE,SC01,0.4.16
safe_211_SAFE,SC05,0.4.16
safe_211_SAFE,SC06,0.4.16
safe_211_SAFE,SC08,0.4.16
safe_211_SAFE,SC09,0.4.16
safe_212_SAFE,SC01,0.4.18
safe_212_SAFE,SC05,0.4.18
safe_212_SAFE,SC06,0.4.18
safe_212_SAFE,SC08,0.4.18
safe_212_SAFE,SC09,0.4.18
safe_213_SAFE,SC01,0.4.24
safe_213_SAFE,SC05,0.4.24
safe_213_SAFE,SC06,0.4.24
safe_213_SAFE,SC08,0.4.24
safe_213_SAFE,SC09,0.4.24
safe_214_SAFE,SC01,0.4.18
safe_214_SAFE,SC05,0.4.18
safe_214_SAFE,SC06,0.4.18
safe_214_SAFE,SC08,0.4.18
safe_214_SAFE,SC09,0.4.18
safe_215_SAFE,SC01,0.4.11
safe_215_SAFE,SC05,0.4.11
safe_215_SAFE,SC06,0.4.11
safe_215_SAFE,SC08,0.4.11
safe_215_SAFE,SC09,0.4.11
safe_216_SAFE,SC01,0.4.21
safe_216_SAFE,SC05,0.4.21
safe_216_SAFE,SC06,0.4.21
safe_216_SAFE,SC08,0.4.21
safe_216_SAFE,SC09,0.4.21
safe_217_SAFE,SC01,0.4.24
safe_217_SAFE,SC05,0.4.24
safe_217_SAFE,SC06,0.4.24
safe_217_SAFE,SC08,0.4.24
safe_217_SAFE,SC09,0.4.24
safe_218_SAFE,SC01,0.4.15
safe_218_SAFE,SC05,0.4.15
safe_218_SAFE,SC06,0.4.15
safe_218_SAFE,SC08,0.4.15
safe_218_SAFE,SC09,0.4.15
safe_219_SAFE,SC01,0.4.16
safe_219_SAFE,SC05,0.4.16
safe_219_SAFE,SC06,0.4.16
safe_219_SAFE,SC08,0.4.16
safe_219_SAFE,SC09,0.4.16
safe_220_SAFE,SC01,0.4.24
safe_220_SAFE,SC05,0.4.24
safe_220_SAFE,SC06,0.4.24
safe_220_SAFE,SC08,0.4.24
safe_220_SAFE,SC09,0.4.24
safe_221_SAFE,SC01,0.4.13
safe_221_SAFE,SC05,0.4.13
safe_221_SAFE,SC06,0.4.13
safe_221_SAFE,SC08,0.4.13
safe_221_SAFE,SC09,0.4.13
safe_222_SAFE,SC01,0.4.24
safe_222_SAFE,SC05,0.4.24
safe_222_SAFE,SC06,0.4.24
safe_222_SAFE,SC08,0.4.24
safe_222_SAFE,SC09,0.4.24
safe_223_SAFE,SC01,0.4.18
safe_223_SAFE,SC05,0.4.18
safe_223_SAFE,SC06,0.4.18
safe_223_SAFE,SC08,0.4.18
safe_223_SAFE,SC09,0.4.18
safe_224_SAFE,SC01,0.4.13
safe_224_SAFE,SC05,0.4.13
safe_224_SAFE,SC06,0.4.13
safe_224_SAFE,SC08,0.4.13
safe_224_SAFE,SC09,0.4.13
safe_225_SAFE,SC01,0.4.10
safe_225_SAFE,SC05,0.4.10
safe_225_SAFE,SC06,0.4.10
safe_225_SAFE,SC08,0.4.10
safe_225_SAFE,SC09,0.4.10
safe_226_SAFE,SC01,0.4.24
safe_226_SAFE,SC05,0.4.24
safe_226_SAFE,SC06,0.4.24
safe_226_SAFE,SC08,0.4.24
safe_226_SAFE,SC09,0.4.24
safe_227_SAFE,SC01,0.4.24
safe_227_SAFE,SC05,0.4.24
safe_227_SAFE,SC06,0.4.24
safe_227_SAFE,SC08,0.4.24
safe_227_SAFE,SC09,0.4.24
safe_228_SAFE,SC01,0.4.24
safe_228_SAFE,SC05,0.4.24
safe_228_SAFE,SC06,0.4.24
safe_228_SAFE,SC08,0.4.24
safe_228_SAFE,SC09,0.4.24
safe_229_SAFE,SC01,0.4.21
safe_229_SAFE,SC05,0.4.21
safe_229_SAFE,SC06,0.4.21
safe_229_SAFE,SC08,0.4.21
safe_229_SAFE,SC09,0.4.21
safe_230_SAFE,SC01,0.4.17
safe_230_SAFE,SC05,0.4.17
safe_230_SAFE,SC06,0.4.17
safe_230_SAFE,SC08,0.4.17
safe_230_SAFE,SC09,0.4.17
safe_231_SAFE,SC01,0.4.24
safe_231_SAFE,SC05,0.4.24
safe_231_SAFE,SC06,0.4.24
safe_231_SAFE,SC08,0.4.24
safe_231_SAFE,SC09,0.4.24
safe_232_SAFE,SC01,0.4.24
safe_232_SAFE,SC05,0.4.24
safe_232_SAFE,SC06,0.4.24
safe_232_SAFE,SC08,0.4.24
safe_232_SAFE,SC09,0.4.24
safe_233_SAFE,SC01,0.4.19
safe_233_SAFE,SC05,0.4.19
safe_233_SAFE,SC06,0.4.19
safe_233_SAFE,SC08,0.4.19
safe_233_SAFE,SC09,0.4.19
safe_234_SAFE,SC01,0.4.6
safe_234_SAFE,SC05,0.4.6
safe_234_SAFE,SC06,0.4.6
safe_234_SAFE,SC08,0.4.6
safe_234_SAFE,SC09,0.4.6
safe_235_SAFE,SC01,0.4.24
safe_235_SAFE,SC05,0.4.24
safe_235_SAFE,SC06,0.4.24
safe_235_SAFE,SC08,0.4.24
safe_235_SAFE,SC09,0.4.24
safe_236_SAFE,SC01,0.4.24
safe_236_SAFE,SC05,0.4.24
safe_236_SAFE,SC06,0.4.24
safe_236_SAFE,SC08,0.4.24
safe_236_SAFE,SC09,0.4.24
safe_237_SAFE,SC01,0.4.11
safe_237_SAFE,SC05,0.4.11
safe_237_SAFE,SC06,0.4.11
safe_237_SAFE,SC08,0.4.11
safe_237_SAFE,SC09,0.4.11
safe_238_SAFE,SC01,0.4.24
safe_238_SAFE,SC05,0.4.24
safe_238_SAFE,SC06,0.4.24
safe_238_SAFE,SC08,0.4.24
safe_238_SAFE,SC09,0.4.24
safe_239_SAFE,SC01,0.4.18
safe_239_SAFE,SC05,0.4.18
safe_239_SAFE,SC06,0.4.18
safe_239_SAFE,SC08,0.4.18
safe_239_SAFE,SC09,0.4.18
safe_240_SAFE,SC01,0.4.24
safe_240_SAFE,SC05,0.4.24
safe_240_SAFE,SC06,0.4.24
safe_240_SAFE,SC08,0.4.24
safe_240_SAFE,SC09,0.4.24
safe_241_SAFE,SC01,0.4.24
safe_241_SAFE,SC05,0.4.24
safe_241_SAFE,SC06,0.4.24
safe_241_SAFE,SC08,0.4.24
safe_241_SAFE,SC09,0.4.24
safe_242_SAFE,SC01,0.4.24
safe_242_SAFE,SC05,0.4.24
safe_242_SAFE,SC06,0.4.24
safe_242_SAFE,SC08,0.4.24
safe_242_SAFE,SC09,0.4.24
safe_243_SAFE,SC01,0.4.19
safe_243_SAFE,SC05,0.4.19
safe_243_SAFE,SC06,0.4.19
safe_243_SAFE,SC08,0.4.19
safe_243_SAFE,SC09,0.4.19
safe_244_SAFE,SC01,0.4.8
safe_244_SAFE,SC05,0.4.8
safe_244_SAFE,SC06,0.4.8
safe_244_SAFE,SC08,0.4.8
safe_244_SAFE,SC09,0.4.8
safe_245_SAFE,SC01,0.4.16
safe_245_SAFE,SC05,0.4.16
safe_245_SAFE,SC06,0.4.16
safe_245_SAFE,SC08,0.4.16
safe_245_SAFE,SC09,0.4.16
safe_246_SAFE,SC01,0.4.13
safe_246_SAFE,SC05,0.4.13
safe_246_SAFE,SC06,0.4.13
safe_246_SAFE,SC08,0.4.13
safe_246_SAFE,SC09,0.4.13
safe_247_SAFE,SC01,0.4.11
safe_247_SAFE,SC05,0.4.11
safe_247_SAFE,SC06,0.4.11
safe_247_SAFE,SC08,0.4.11
safe_247_SAFE,SC09,0.4.11
safe_248_SAFE,SC01,0.4.24
safe_248_SAFE,SC05,0.4.24
safe_248_SAFE,SC06,0.4.24
safe_248_SAFE,SC08,0.4.24
safe_248_SAFE,SC09,0.4.24
safe_249_SAFE,SC01,0.4.24
safe_249_SAFE,SC05,0.4.24
safe_249_SAFE,SC06,0.4.24
safe_249_SAFE,SC08,0.4.24
safe_249_SAFE,SC09,0.4.24
safe_250_SAFE,SC01,0.4.24
safe_250_SAFE,SC05,0.4.24
safe_250_SAFE,SC06,0.4.24
safe_250_SAFE,SC08,0.4.24
safe_250_SAFE,SC09,0.4.24
safe_251_SAFE,SC01,0.4.18
safe_251_SAFE,SC05,0.4.18
safe_251_SAFE,SC06,0.4.18
safe_251_SAFE,SC08,0.4.18
safe_251_SAFE,SC09,0.4.18
safe_252_SAFE,SC01,0.4.21
safe_252_SAFE,SC05,0.4.21
safe_252_SAFE,SC06,0.4.21
safe_252_SAFE,SC08,0.4.21
safe_252_SAFE,SC09,0.4.21
safe_253_SAFE,SC01,0.4.16
safe_253_SAFE,SC05,0.4.16
safe_253_SAFE,SC06,0.4.16
safe_253_SAFE,SC08,0.4.16
safe_253_SAFE,SC09,0.4.16
safe_254_SAFE,SC01,0.4.11
safe_254_SAFE,SC05,0.4.11
safe_254_SAFE,SC06,0.4.11
safe_254_SAFE,SC08,0.4.11
safe_254_SAFE,SC09,0.4.11
safe_255_SAFE,SC01,0.4.24
safe_255_SAFE,SC05,0.4.24
safe_255_SAFE,SC06,0.4.24
safe_255_SAFE,SC08,0.4.24
safe_255_SAFE,SC09,0.4.24
safe_256_SAFE,SC01,0.4.24
safe_256_SAFE,SC05,0.4.24
safe_256_SAFE,SC06,0.4.24
safe_256_SAFE,SC08,0.4.24
safe_256_SAFE,SC09,0.4.24
safe_257_SAFE,SC01,0.4.22
safe_257_SAFE,SC05,0.4.22
safe_257_SAFE,SC06,0.4.22
safe_257_SAFE,SC08,0.4.22
safe_257_SAFE,SC09,0.4.22
safe_258_SAFE,SC01,0.4.24
safe_258_SAFE,SC05,0.4.24
safe_258_SAFE,SC06,0.4.24
safe_258_SAFE,SC08,0.4.24
safe_258_SAFE,SC09,0.4.24
safe_259_SAFE,SC01,0.4.24
safe_259_SAFE,SC05,0.4.24
safe_259_SAFE,SC06,0.4.24
safe_259_SAFE,SC08,0.4.24
safe_259_SAFE,SC09,0.4.24
safe_260_SAFE,SC01,0.4.19
safe_260_SAFE,SC05,0.4.19
safe_260_SAFE,SC06,0.4.19
safe_260_SAFE,SC08,0.4.19
safe_260_SAFE,SC09,0.4.19
safe_261_SAFE,SC01,0.4.24
safe_261_SAFE,SC05,0.4.24
safe_261_SAFE,SC06,0.4.24
safe_261_SAFE,SC08,0.4.24
safe_261_SAFE,SC09,0.4.24
safe_262_SAFE,SC01,0.4.11
safe_262_SAFE,SC05,0.4.11
safe_262_SAFE,SC06,0.4.11
safe_262_SAFE,SC08,0.4.11
safe_262_SAFE,SC09,0.4.11
safe_263_SAFE,SC01,0.4.18
safe_263_SAFE,SC05,0.4.18
safe_263_SAFE,SC06,0.4.18
safe_263_SAFE,SC08,0.4.18
safe_263_SAFE,SC09,0.4.18
safe_264_SAFE,SC01,0.4.24
safe_264_SAFE,SC05,0.4.24
safe_264_SAFE,SC06,0.4.24
safe_264_SAFE,SC08,0.4.24
safe_264_SAFE,SC09,0.4.24
safe_265_SAFE,SC01,0.4.19
safe_265_SAFE,SC05,0.4.19
safe_265_SAFE,SC06,0.4.19
safe_265_SAFE,SC08,0.4.19
safe_265_SAFE,SC09,0.4.19
safe_266_SAFE,SC01,0.4.24
safe_266_SAFE,SC05,0.4.24
safe_266_SAFE,SC06,0.4.24
safe_266_SAFE,SC08,0.4.24
safe_266_SAFE,SC09,0.4.24
safe_267_SAFE,SC01,0.4.11
safe_267_SAFE,SC05,0.4.11
safe_267_SAFE,SC06,0.4.11
safe_267_SAFE,SC08,0.4.11
safe_267_SAFE,SC09,0.4.11
safe_268_SAFE,SC01,0.4.11
safe_268_SAFE,SC05,0.4.11
safe_268_SAFE,SC06,0.4.11
safe_268_SAFE,SC08,0.4.11
safe_268_SAFE,SC09,0.4.11
safe_269_SAFE,SC01,0.4.24
safe_269_SAFE,SC05,0.4.24
safe_269_SAFE,SC06,0.4.24
safe_269_SAFE,SC08,0.4.24
safe_269_SAFE,SC09,0.4.24
safe_270_SAFE,SC01,0.4.24
safe_270_SAFE,SC05,0.4.24
safe_270_SAFE,SC06,0.4.24
safe_270_SAFE,SC08,0.4.24
safe_270_SAFE,SC09,0.4.24
safe_271_SAFE,SC01,0.4.16
safe_271_SAFE,SC05,0.4.16
safe_271_SAFE,SC06,0.4.16
safe_271_SAFE,SC08,0.4.16
safe_271_SAFE,SC09,0.4.16
safe_272_SAFE,SC01,0.4.24
safe_272_SAFE,SC05,0.4.24
safe_272_SAFE,SC06,0.4.24
safe_272_SAFE,SC08,0.4.24
safe_272_SAFE,SC09,0.4.24
safe_273_SAFE,SC01,0.4.10
safe_273_SAFE,SC05,0.4.10
safe_273_SAFE,SC06,0.4.10
safe_273_SAFE,SC08,0.4.10
safe_273_SAFE,SC09,0.4.10
safe_274_SAFE,SC01,0.4.7
safe_274_SAFE,SC05,0.4.7
safe_274_SAFE,SC06,0.4.7
safe_274_SAFE,SC08,0.4.7
safe_274_SAFE,SC09,0.4.7
safe_275_SAFE,SC01,0.4.16
safe_275_SAFE,SC05,0.4.16
safe_275_SAFE,SC06,0.4.16
safe_275_SAFE,SC08,0.4.16
safe_275_SAFE,SC09,0.4.16
safe_276_SAFE,SC01,0.4.19
safe_276_SAFE,SC05,0.4.19
safe_276_SAFE,SC06,0.4.19
safe_276_SAFE,SC08,0.4.19
safe_276_SAFE,SC09,0.4.19
safe_277_SAFE,SC01,0.4.24
safe_277_SAFE,SC05,0.4.24
safe_277_SAFE,SC06,0.4.24
safe_277_SAFE,SC08,0.4.24
safe_277_SAFE,SC09,0.4.24
safe_278_SAFE,SC01,0.4.24
safe_278_SAFE,SC05,0.4.24
safe_278_SAFE,SC06,0.4.24
safe_278_SAFE,SC08,0.4.24
safe_278_SAFE,SC09,0.4.24
safe_279_SAFE,SC01,0.4.18
safe_279_SAFE,SC05,0.4.18
safe_279_SAFE,SC06,0.4.18
safe_279_SAFE,SC08,0.4.18
safe_279_SAFE,SC09,0.4.18
safe_280_SAFE,SC01,0.4.24
safe_280_SAFE,SC05,0.4.24
safe_280_SAFE,SC06,0.4.24
safe_280_SAFE,SC08,0.4.24
safe_280_SAFE,SC09,0.4.24
safe_281_SAFE,SC01,0.4.18
safe_281_SAFE,SC05,0.4.18
safe_281_SAFE,SC06,0.4.18
safe_281_SAFE,SC08,0.4.18
safe_281_SAFE,SC09,0.4.18
safe_282_SAFE,SC01,0.4.15
safe_282_SAFE,SC05,0.4.15
safe_282_SAFE,SC06,0.4.15
safe_282_SAFE,SC08,0.4.15
safe_282_SAFE,SC09,0.4.15
safe_283_SAFE,SC01,0.4.4
safe_283_SAFE,SC05,0.4.4
safe_283_SAFE,SC06,0.4.4
safe_283_SAFE,SC08,0.4.4
safe_283_SAFE,SC09,0.4.4
safe_284_SAFE,SC01,0.4.16
safe_284_SAFE,SC05,0.4.16
safe_284_SAFE,SC06,0.4.16
safe_284_SAFE,SC08,0.4.16
safe_284_SAFE,SC09,0.4.16
safe_285_SAFE,SC01,0.4.24
safe_285_SAFE,SC05,0.4.24
safe_285_SAFE,SC06,0.4.24
safe_285_SAFE,SC08,0.4.24
safe_285_SAFE,SC09,0.4.24
safe_286_SAFE,SC01,0.4.19
safe_286_SAFE,SC05,0.4.19
safe_286_SAFE,SC06,0.4.19
safe_286_SAFE,SC08,0.4.19
safe_286_SAFE,SC09,0.4.19
safe_287_SAFE,SC01,0.4.24
safe_287_SAFE,SC05,0.4.24
safe_287_SAFE,SC06,0.4.24
safe_287_SAFE,SC08,0.4.24
safe_287_SAFE,SC09,0.4.24
safe_288_SAFE,SC01,0.4.23
safe_288_SAFE,SC05,0.4.23
safe_288_SAFE,SC06,0.4.23
safe_288_SAFE,SC08,0.4.23
safe_288_SAFE,SC09,0.4.23
safe_289_SAFE,SC01,0.4.24
safe_289_SAFE,SC05,0.4.24
safe_289_SAFE,SC06,0.4.24
safe_289_SAFE,SC08,0.4.24
safe_289_SAFE,SC09,0.4.24
safe_290_SAFE,SC01,0.4.23
safe_290_SAFE,SC05,0.4.23
safe_290_SAFE,SC06,0.4.23
safe_290_SAFE,SC08,0.4.23
safe_290_SAFE,SC09,0.4.23
safe_291_SAFE,SC01,0.4.18
safe_291_SAFE,SC05,0.4.18
safe_291_SAFE,SC06,0.4.18
safe_291_SAFE,SC08,0.4.18
safe_291_SAFE,SC09,0.4.18
safe_292_SAFE,SC01,0.4.24
safe_292_SAFE,SC05,0.4.24
safe_292_SAFE,SC06,0.4.24
safe_292_SAFE,SC08,0.4.24
safe_292_SAFE,SC09,0.4.24
safe_293_SAFE,SC01,0.4.11
safe_293_SAFE,SC05,0.4.11
safe_293_SAFE,SC06,0.4.11
safe_293_SAFE,SC08,0.4.11
safe_293_SAFE,SC09,0.4.11
safe_294_SAFE,SC01,0.4.24
safe_294_SAFE,SC05,0.4.24
safe_294_SAFE,SC06,0.4.24
safe_294_SAFE,SC08,0.4.24
safe_294_SAFE,SC09,0.4.24
safe_295_SAFE,SC01,0.4.24
safe_295_SAFE,SC05,0.4.24
safe_295_SAFE,SC06,0.4.24
safe_295_SAFE,SC08,0.4.24
safe_295_SAFE,SC09,0.4.24
safe_296_SAFE,SC01,0.4.24
safe_296_SAFE,SC05,0.4.24
safe_296_SAFE,SC06,0.4.24
safe_296_SAFE,SC08,0.4.24
safe_296_SAFE,SC09,0.4.24
safe_297_SAFE,SC01,0.4.11
safe_297_SAFE,SC05,0.4.11
safe_297_SAFE,SC06,0.4.11
safe_297_SAFE,SC08,0.4.11
safe_297_SAFE,SC09,0.4.11
safe_298_SAFE,SC01,0.4.18
safe_298_SAFE,SC05,0.4.18
safe_298_SAFE,SC06,0.4.18
safe_298_SAFE,SC08,0.4.18
safe_298_SAFE,SC09,0.4.18
safe_299_SAFE,SC01,0.4.18
safe_299_SAFE,SC05,0.4.18
safe_299_SAFE,SC06,0.4.18
safe_299_SAFE,SC08,0.4.18
safe_299_SAFE,SC09,0.4.18
safe_300_SAFE,SC01,0.4.24
safe_300_SAFE,SC05,0.4.24
safe_300_SAFE,SC06,0.4.24
safe_300_SAFE,SC08,0.4.24
safe_300_SAFE,SC09,0.4.24
